{"loss": [1.378056287765503, 0.45971667766571045, 0.2757202982902527, 0.19135701656341553, 0.13666775822639465, 0.10638018697500229, 0.09434140473604202, 0.07309447973966599, 0.06342809647321701, 0.057877566665410995], "accuracy": [0.5953766107559204, 0.8553666472434998, 0.9117575883865356, 0.9374350905418396, 0.954904317855835, 0.9654029607772827, 0.9690447449684143, 0.9761860966682434, 0.9797425270080566, 0.9812504649162292], "val_loss": [0.4969624876976013, 0.350989431142807, 0.21327729523181915, 0.17257751524448395, 0.1466531753540039, 0.17239238321781158, 0.13537299633026123, 0.12431935966014862, 0.15972383320331573, 0.10699170082807541], "val_accuracy": [0.8421921133995056, 0.886637806892395, 0.9309127926826477, 0.9451969265937805, 0.9520259499549866, 0.9440017938613892, 0.9583997130393982, 0.9637491703033447, 0.9544730186462402, 0.9682449102401733]}